{
"m_DNAConfig_Weapons": [
        {
            "dna_Tier": "yellow",
            "dna_WeaponCategory": "main",
            "dna_TheChosenOne": "SNAFUKivaari_Black_GUN",
            "dna_Magazine": "SNAFUKivaari_25rdMag",
            "dna_Ammunition": "SNAFU_Ammo_338",
            "dna_OpticType": "SNAFU_HLeupold_Mark8",
            "dna_Suppressor": "SNAFUKivaari_338_Supp",
            "dna_UnderBarrel": "SNAFU_Bipod",
            "dna_ButtStock": "",
            "dna_HandGuard": "",
            "dna_Wrap": ""
        },
        {
            "dna_Tier": "yellow",
            "dna_WeaponCategory": "main",
            "dna_TheChosenOne": "SNAFUAR15_SPR_Tan_GUN",
            "dna_Magazine": "SNAFU_BMAG300_Black",
            "dna_Ammunition": "AmmoBox_00buck_10rnd",
            "dna_OpticType": "SNAFU_Kobra",
            "dna_Suppressor": "SNAFU_Standardized_Suppressor_Black",
            "dna_UnderBarrel": "SNAFU_PEQ1_Laser",
            "dna_ButtStock": "SNAFU_MK47_Stock",
            "dna_HandGuard": "SNAFUAR15_AFG",
            "dna_Wrap": ""
        },
        {
            "dna_Tier": "yellow",
            "dna_WeaponCategory": "main",
            "dna_TheChosenOne": "Spas12_Gun",
            "dna_Magazine": "",
            "dna_Ammunition": "AmmoBox_00buck_10rnd",
            "dna_OpticType": "",
            "dna_Suppressor": "SNAFU_Shotgunchoke_Purple",
            "dna_UnderBarrel": "",
            "dna_ButtStock": "",
            "dna_HandGuard": "",
            "dna_Wrap": ""
        },
        {
            "dna_Tier": "yellow",
            "dna_WeaponCategory": "side",
            "dna_TheChosenOne": "SNAFU_MK4710Gun",
            "dna_Magazine": "Mag_AKM_Drum75Rnd",
            "dna_Ammunition": "Ammo_357",
            "dna_OpticType": "SNAFU_Aimpoint_ACO",
            "dna_Suppressor": "SNAFU_Standardized_Suppressor_Black",
            "dna_UnderBarrel": "SNAFU_PEQ1_Laser",
            "dna_ButtStock": "SNAFU_MK47_Stock",
            "dna_HandGuard": "SNAFUAR15_AFG",
            "dna_Wrap": ""
        },
        {
            "dna_Tier": "yellow",
            "dna_WeaponCategory": "main",
            "dna_TheChosenOne": "SNAFU_Saint_Gun",
            "dna_Magazine": "SNAFU_Saint_Mag",
            "dna_Ammunition": "Ammo_308WinTracer",
            "dna_OpticType": "SNAFU_Leupold_Mark8",
            "dna_Suppressor": "SNAFU_Standardized_Suppressor_Black",
            "dna_UnderBarrel": "SNAFU_FGCR_Grip",
            "dna_ButtStock": "",
            "dna_HandGuard": "SNAFU_HG625",
            "dna_Wrap": ""
        },
        {
            "dna_Tier": "red",
            "dna_WeaponCategory": "main",
            "dna_TheChosenOne": "GCGN_M82_Barret",
            "dna_Magazine": "GCGN_M82_Mag",
            "dna_Ammunition": "SNAFU_Ammo_500_SW",
            "dna_OpticType": "GCGN_M84_Optic",
            "dna_Suppressor": "SNAFU_50bmg_Suppressor_W",
            "dna_UnderBarrel": "",
            "dna_ButtStock": "",
            "dna_HandGuard": "",
            "dna_Wrap": "random"
        },
        {
            "dna_Tier": "red",
            "dna_WeaponCategory": "main",
            "dna_TheChosenOne": "SNAFU_AK308",
            "dna_Magazine": "SNAFU_AK308_Mag",
            "dna_Ammunition": "Ammo_308Win",
            "dna_OpticType": "SNAFU_Tango6T_Black",
            "dna_Suppressor": "SNAFU_Standardized_Suppressor_Black",
            "dna_UnderBarrel": "SNAFUUniversalLight",
            "dna_ButtStock": "SNAFU_AK_AR_Stock",
            "dna_HandGuard": "SNAFU_AK_HG",
            "dna_Wrap": ""
        },
        {
            "dna_Tier": "red",
            "dna_WeaponCategory": "main",
            "dna_TheChosenOne": "SNAFUVSSK",
            "dna_Magazine": "SNAFUVSSK_5rdMag",
            "dna_Ammunition": "SNAFU_Ammo_127x55mmAP",
            "dna_OpticType": "SNAFU_AKTango6T_Black",
            "dna_Suppressor": "",
            "dna_UnderBarrel": "",
            "dna_ButtStock": "",
            "dna_HandGuard": "",
            "dna_Wrap": ""
        },
        {
            "dna_Tier": "red",
            "dna_WeaponCategory": "main",
            "dna_TheChosenOne": "SNAFU_M300Green",
            "dna_Magazine": "SNAFU_M300Mag",
            "dna_Ammunition": "GCGN_Ammo_408Chey",
            "dna_OpticType": "SNAFU_AKLeupold_Mark8",
            "dna_Suppressor": "SNAFU_408_Suppressor_T",
            "dna_UnderBarrel": "SNAFU_ModBipod",
            "dna_ButtStock": "",
            "dna_HandGuard": "",
            "dna_Wrap": ""
        },
        {
            "dna_Tier": "purple",
            "dna_WeaponCategory": "main",
            "dna_TheChosenOne": "SNAFUKivaari_Snow_GUN",
            "dna_Magazine": "SNAFUKivaari_25rdMag",
            "dna_Ammunition": "SNAFU_Ammo_338",
            "dna_OpticType": "SNAFU_HuntingOptic",
            "dna_Suppressor": "SNAFUKivaari_338_Supp",
            "dna_UnderBarrel": "SNAFU_AtlasBipod",
            "dna_ButtStock": "",
            "dna_HandGuard": "",
            "dna_Wrap": ""
        },
        {
            "dna_Tier": "purple",
            "dna_WeaponCategory": "main",
            "dna_TheChosenOne": "SNAFUGM6Lynx",
            "dna_Magazine": "SNAFUGM6Lynx_5rdMag",
            "dna_Ammunition": "GCGN_Ammo_50Cal",
            "dna_OpticType": "SNAFU_HuntingOptic",
            "dna_Suppressor": "SNAFU_50bmg_Suppressor_B",
            "dna_UnderBarrel": "",
            "dna_ButtStock": "",
            "dna_HandGuard": "",
            "dna_Wrap": ""
        },
        {
            "dna_Tier": "purple",
            "dna_WeaponCategory": "main",
            "dna_TheChosenOne": "SNAFU_AK308",
            "dna_Magazine": "SNAFU_AK308_Mag",
            "dna_Ammunition": "Ammo_308Win",
            "dna_OpticType": "SNAFU_Tango6T_Black",
            "dna_Suppressor": "SNAFU_Standardized_Suppressor_Black",
            "dna_UnderBarrel": "SNAFU_AFG_02_Black",
            "dna_ButtStock": "SNAFU_AK19_Stock",
            "dna_HandGuard": "SNAFU_AK_HG",
            "dna_Wrap": ""
        },
        {
            "dna_Tier": "purple",
            "dna_WeaponCategory": "main",
            "dna_TheChosenOne": "Snafu_pkp_Black_GUN",
            "dna_Magazine": "Snafu_pkp_250RND_Mag",
            "dna_Ammunition": "",
            "dna_OpticType": "SNAFU_AKEOTech_EXPS3",
            "dna_Suppressor": "",
            "dna_UnderBarrel": "SNAFU_PKPBIPOD",
            "dna_ButtStock": "",
            "dna_HandGuard": "",
            "dna_Wrap": ""
        },
        {
            "dna_Tier": "purple",
            "dna_WeaponCategory": "main",
            "dna_TheChosenOne": "SNAFU_M200SNOW",
            "dna_Magazine": "GCGN_M200_Mag",
            "dna_Ammunition": "GCGN_Ammo_50Cal",
            "dna_OpticType": "SNAFU_HuntingOptic",
            "dna_Suppressor": "SNAFU_50bmg_Suppressor_M",
            "dna_UnderBarrel": "",
            "dna_ButtStock": "",
            "dna_HandGuard": "",
            "dna_Wrap": ""
        }
   ]
}
