{
"m_DNAConfig_Clothing": [
        {
            "dna_Tier": "yellow",
            "dna_Helm": "TF_6B47Helmet",
            "dna_Shirt": "TF_G3CombatShirt_MC",
            "dna_Vest": "TF_JPCVest_MC",
            "dna_Pants": "TF_G3CombatPants_MC",
            "dna_Shoes": "FOG_Operator_Boots_CB",
            "dna_Backpack": "TF_MAPBag_Khaki",
            "dna_Gloves": "FOG_GunGloves_M81",
            "dna_Belt": "FOG_MRB_Belt_Black",
            "dna_Facewear": "",
            "dna_Eyewear": "",
            "dna_Armband": "",
            "dna_NVG": "NVGoggles"
        },
        {
            "dna_Tier": "red",
            "dna_Helm": "FOG_Helmet_FASTMT_MC",
            "dna_Shirt": "FOG_Cronen_Shirt_MC",
            "dna_Vest": "FOG_Vest_Thor_MC",
            "dna_Pants": "FOG_Pants_Crye_G3_MC",
            "dna_Shoes": "FOG_Operator_Boots_Black",
            "dna_Backpack": "TF_MAPBag_Coyote",
            "dna_Gloves": "FOG_GunGloves_MC",
            "dna_Belt": "FOG_MRB_Belt_MC",
            "dna_Facewear": "FOG_Ghost_Mask_Red_Gold",
            "dna_Eyewear": "",
            "dna_Armband": "",
            "dna_NVG": "FOG_GPNVG_Elite"
        },
        {
            "dna_Tier": "purple",
            "dna_Helm": "FOG_Helmet_FASTMT_AOR2",
            "dna_Shirt": "TF_G3CombatShirt_WD",
            "dna_Vest": "TF_6B43Vest_6sh112_EMR",
            "dna_Pants": "TF_G3CombatPants_WD",
            "dna_Shoes": "FOG_Operator_Boots_Black",
            "dna_Backpack": "TF_MAPBag_Coyote",
            "dna_Gloves": "FOG_Tactical_Fingerless_Gloves_Black",
            "dna_Belt": "FOG_MRB_Belt_MC",
            "dna_Facewear": "FOG_Ghost_Mask_Red_Gold",
            "dna_Eyewear": "",
            "dna_Armband": "",
            "dna_NVG": "FOG_GPNVG_Elite"
        }
   ]
}
