{
    "dna_Description": "DNA SMOL CRATE CONFIG (Blue Tier). Below are settings to spawn either static or randomized loot. To spawn all items in array, use randomize setting 0,",
    "dna_DescriptionCont": "if set to 1, it will use the count setting found just below the randomize setting. When using randomized loot, the system can and likely WILL",
    "dna_DescriptionCont2": "spawn duplicates. I suggest using static and manually adding desired duplicates. Each loot set, including weapons can be turned off as well.",
    "dna_SpawnMainWeapons": 1,
    "dna_RandomizeWeapons": 1,
    "dna_WeaponCount": 1,
    "weaponTypesBlue": [
        {
            "dna_TheChosenOne": "MP5K",
            "dna_Magazine": "Mag_MP5_30Rnd",
            "dna_SpareMagCount": 1,
            "dna_Ammunition": "AmmoBox_9x19_25rnd",
            "dna_SpareAmmoCount": 1,
            "dna_OpticType": "ReflexOptic",
            "dna_Suppressor": "PistolSuppressor",
            "dna_UnderBarrel": "UniversalLight",
            "dna_ButtStock": "MP5k_StockBttstck",
            "dna_HandGuard": "MP5_RailHndgrd",
            "dna_Wrap": ""
        },
        {
            "dna_TheChosenOne": "AKS74U_Black",
            "dna_Magazine": "Mag_AK74_30Rnd_Black",
            "dna_SpareMagCount": 1,
            "dna_Ammunition": "AmmoBox_545x39_20Rnd",
            "dna_SpareAmmoCount": 1,
            "dna_OpticType": "",
            "dna_Suppressor": "AK_Suppressor",
            "dna_UnderBarrel": "",
            "dna_ButtStock": "AKS74U_Bttstck_Black",
            "dna_HandGuard": "",
            "dna_Wrap": ""
        }
    ],
    "dna_SpawnLootSet1": 1,
    "dna_RandomizeLootSet1": 1,
    "dna_LootSet1Count": 3,
    "dna_LootSetB1": [
        "BloodTestKit",
        "TetracyclineAntibiotics",
        "BandageDressing",
        "BloodBagIV",
        "Morphine",
        "Epinephrine"
    ],
    "dna_SpawnLootSet2": 1,
    "dna_RandomizeLootSet2": 1,
    "dna_LootSet2Count": 3,
    "dna_LootSetB2": [
        "BoxCerealCrunchin",
        "PeachesCan_Opened",
        "TacticalBaconCan",
        "BakedBeansCan",
        "BakedBeansCan_Opened"
    ],
    "dna_SpawnLootSet3": 1,
    "dna_RandomizeLootSet3": 1,
    "dna_LootSet3Count": 3,
    "dna_LootSetB3": [
        "SodaCan_Pipsi",
        "WaterBottle",
        "SodaCan_Fronta",
        "SodaCan_Cola",
        "SodaCan_Spite"
    ],
    "dna_SpawnLootSet4": 1,
    "dna_RandomizeLootSet4": 0,
    "dna_LootSet4Count": 3,
    "dna_LootSetB4": [
        "WoodenPlank",
        "NailBox",
        "Shovel",
        "WoodAxe",
        "Screwdriver"
    ]
}