{
"m_DNAConfig_Loot": [
        {
            "dna_Tier": "yellow",
            "dna_Category": "medical",
            "dna_Type": "BloodTestKit"
        },
        {
            "dna_Tier": "yellow",
            "dna_Category": "food",
            "dna_Type": "BoxCerealCrunchin"
        },
        {
            "dna_Tier": "yellow",
            "dna_Category": "drink",
            "dna_Type": "SodaCan_Spite"
        },
        {
            "dna_Tier": "yellow",
            "dna_Category": "tools",
            "dna_Type": "Pickaxe"
        },
        {
            "dna_Tier": "yellow",
            "dna_Category": "material",
            "dna_Type": "WoodenPlank"
        },
        {
            "dna_Tier": "yellow",
            "dna_Category": "valuable",
            "dna_Type": "NailBox"
        },
        {
            "dna_Tier": "purple",
            "dna_Category": "medical",
            "dna_Type": "SM_Med_FirstAidKit_AI2"
        },
        {
            "dna_Tier": "purple",
            "dna_Category": "medical",
            "dna_Type": "SM_Med_FirstAidKit_AFAK"
        },
        {
            "dna_Tier": "purple",
            "dna_Category": "medical",
            "dna_Type": "SM_Med_FirstAidKit_Car"
        },
        {
            "dna_Tier": "purple",
            "dna_Category": "medical",
            "dna_Type": "SM_Med_FirstAidKit_Grizzly"
        },
        {
            "dna_Tier": "purple",
            "dna_Category": "medical",
            "dna_Type": "SM_Med_FirstAidKit_Salewa"
        }
   ]
}
