{
    "dna_SoundAlarmOrangeLockout": 0,
    "dna_NotificationRangeOrangeLockout": 0,
    "dna_SoundAlarmOrangeOneWay": 0,
    "dna_NotificationRangeOrangeOneWay": 0,
    "dna_SoundAlarmOrangeWarp": 0,
    "dna_NotificationRangeOrangeWarp": 0,
    "dna_SoundAlarmYellowOneWay": 0,
    "dna_NotificationRangeYellowOneWay": 0,
    "dna_SoundAlarmYellowWarp": 0,
    "dna_NotificationRangeYellowWarp": 0,
    "dna_SoundAlarmGreenOneWay": 0,
    "dna_NotificationRangeGreenOneWay": 0,
    "dna_SoundAlarmGreenWarp": 0,
    "dna_NotificationRangeGreenWarp": 0,
    "dna_SoundAlarmBlueOneWay": 0,
    "dna_NotificationRangeBlueOneWay": 0,
    "dna_SoundAlarmBlueWarp": 0,
    "dna_NotificationRangeBlueWarp": 0,
    "dna_SoundAlarmPurpleOneWay": 0,
    "dna_NotificationRangePurpleOneWay": 0,
    "dna_SoundAlarmPurpleWarp": 0,
    "dna_NotificationRangePurpleWarp": 0,
    "dna_SoundAlarmRedOneWay": 0,
    "dna_NotificationRangeRedOneWay": 0,
    "dna_SoundAlarmRedWarp": 0,
    "dna_NotificationRangeRedWarp": 0
}