{
  "Enabled": 1,
  "Weight": 5.0,
  "MissionMaxTime": 900,
  "MissionName": "Ship-Central",
  "Difficulty": 0,
  "Objective": 0,
  "Reward": "",
  "Data": {
    "Pos": [
      13752.0,
      0.0,
      11164.0
    ],
    "Radius": 100.0,
    "PosHeight": 22.0,
    "NegHeight": 2.0,
    "InnerRingCount": 1,
    "InnerPartDist": 50,
    "OuterRingToggle": 1,
    "OuterPartDist": 60,
    "OuterOffset": 0,
    "VerticalLayers": 0,
    "VerticalOffset": 0,
    "ParticleName": "graphics/particles/contaminated_area_gas_bigass"
  },
  "PlayerData": {
    "AroundPartName": "graphics/particles/contaminated_area_gas_around",
    "TinyPartName": "graphics/particles/contaminated_area_gas_around_tiny",
    "PPERequesterType": "PPERequester_ContaminatedAreaTint"
  },
  "StartDecayLifetime": 600.0,
  "FinishDecayLifetime": 300.0
}